{"LowTimePerTrainIter":0.10927124406231774,"Loss_bc":982.7702902381589,"q_targ":-2.4906489849090576,"low_opt_steps":13500,"env_steps":133500,"Train_CollisionRate":0,"Loss_actor":2.3187516179756082,"Train_CollisionSteps":0,"Eval_CollisionSteps":0,"q_pi":-2.3108878135681152,"TestEvn_Dist":16.018086186944174,"epoch":1,"Loss_q1":0.06778684462067869,"HighTimePerTrainIter":0.10781029462814332,"Loss_action_l2":0.8448700378379418,"Loss_critic_1":0.06778684462067869,"r":-0.5987535119056702,"_timestamp":1.7757230640864909e+09,"HighReward":-0.9956521987915039,"LowReward":-0.9956521987915039,"_wandb":{"runtime":3522},"low_replay_fill_ratio":0.05340854536725876,"Success_Rate":0,"Eval_CollisionRate":0,"_runtime":3522.73156843,"high_opt_steps":1350,"Loss_critic_2":0.06808770357424186,"Loss_q2":0.06784719176609258,"high_replay_size":222.5,"low_replay_size":222.5,"TimePerSeqRollout":78.29595096111298,"high_replay_fill_ratio":0.0010680017088027342,"_step":1,"Train_GoalDist":277.82966401097457,"offset":59.524654388427734}